SP5TRE@USECON,FPMLCORE@USECON,FXTWB@USECON,FXTWM@USECON,PZDGOLE@USECON,PZTEXP@USECON,IP@USECON,CBHM@USECON,TITH@USECON,TSTH@USECON,HST@USECON,HPT@USECON,TMXA@USECON,TMMCA@USECON,LPPRIVA@USECON,LZHAC@USECON,PCU@USECON,JCBM@USECON,FM2@USECON,FMZM@USECON
-6.95,-1.40,0.74,-0.75,4.04,7.11,-0.63,0.50,-0.29,-0.78,21.50,20.64,0.29,7.57,0.33,-0.50,0.95,0.76,0.45,0.74
1.28,0.42,1.40,0.04,-1.79,-2.38,1.10,-0.51,0.03,1.47,-7.63,-27.40,0.30,-5.50,0.26,0.00,0.39,0.44,0.39,0.50
2.62,0.30,2.54,1.99,-10.11,-7.95,0.47,0.34,0.45,0.58,-10.87,-6.45,4.56,6.58,0.07,0.13,0.47,0.38,0.34,0.50
-2.53,-1.11,0.60,0.00,-0.20,-9.42,-0.16,0.19,0.31,-1.16,-3.23,-9.24,-3.50,-4.98,-0.04,-0.13,0.23,0.21,0.36,0.50
9.30,2.73,-0.59,-1.38,-1.29,-1.87,0.16,-0.07,0.65,0.81,-2.93,-6.27,1.45,2.00,-0.14,0.25,0.16,0.22,-0.03,-0.08
-0.68,1.64,0.36,-0.01,-3.03,-7.79,0.31,0.32,0.03,0.26,-2.93,3.77,3.58,0.21,0.00,-0.13,0.62,0.44,0.41,0.53
-0.32,1.32,-1.56,-2.77,5.55,9.96,-0.15,0.21,0.47,-0.54,-0.51,-2.74,-4.21,1.53,-0.07,-0.38,0.46,0.25,0.34,0.45
-9.47,-1.79,-1.51,-2.56,4.07,37.71,0.31,0.03,-0.03,1.00,-4.90,-0.84,0.77,1.15,-0.09,-0.63,0.84,0.66,0.54,0.83
-4.99,0.37,-0.71,-1.32,5.19,21.49,0.15,-0.05,0.22,-1.86,-0.45,-9.10,-0.76,-1.09,-0.15,-0.38,0.68,0.61,0.39,0.75
-0.43,0.87,-1.67,-3.03,-7.34,6.42,-0.77,-0.56,0.05,-0.43,-9.05,-5.37,6.53,5.94,-0.17,-0.38,0.68,0.57,0.14,0.33
6.26,2.05,0.19,-0.77,1.40,-10.63,-1.09,-0.09,0.24,-1.19,12.15,1.71,-2.68,-1.86,-0.22,-0.13,0.22,0.13,0.10,0.15
2.75,1.76,1.74,1.58,0.35,-16.68,-0.63,-0.37,-0.45,-1.05,-16.69,-8.88,0.65,-7.42,-0.09,-0.13,0.37,0.09,0.28,0.54
4.26,1.12,0.54,-0.11,-5.37,-9.10,-0.48,-0.91,0.33,-0.66,-19.42,-9.11,1.44,3.19,-0.16,0.13,0.37,0.38,0.48,0.98
6.91,1.26,-0.52,-1.47,-0.91,-19.57,-0.64,0.62,-0.16,0.59,19.00,8.18,-1.92,-4.64,-0.41,0.13,0.07,0.05,0.51,1.10
2.39,1.21,3.72,5.13,-1.96,-3.28,-0.64,1.17,-0.73,-0.58,-4.67,6.58,2.28,-1.32,-0.22,0.13,0.00,0.02,0.53,1.07
0.24,1.45,1.58,1.90,0.59,4.74,0.32,-0.33,-0.07,1.95,8.33,0.55,2.56,2.22,-0.23,0.26,0.22,0.18,0.32,0.96
4.22,0.86,0.71,0.68,0.74,1.98,0.96,0.25,-0.50,0.82,-0.50,7.87,-0.55,1.22,-0.12,-0.13,0.37,0.41,0.32,0.96
-4.69,-0.13,1.56,1.98,2.18,-5.05,0.79,0.02,-0.09,-0.45,3.94,-2.76,-0.52,-1.03,0.01,0.00,0.29,0.17,0.27,0.86
4.56,1.37,0.20,-0.22,-1.50,5.89,0.16,0.49,-0.10,1.30,2.57,0.93,-0.16,1.42,-0.04,0.13,0.15,0.16,0.13,0.59
2.34,2.31,-0.68,-1.29,-4.35,1.24,0.16,-0.15,-0.11,-0.42,-1.33,-3.03,-0.04,1.20,0.09,0.00,0.29,0.23,-0.03,0.44
-1.69,2.11,-1.02,-1.95,2.14,0.78,0.78,0.05,0.50,0.43,-3.29,3.13,0.86,1.42,0.02,-0.13,0.29,0.34,0.00,0.53
1.34,0.99,-0.03,-1.00,0.72,6.08,-0.16,-0.40,0.20,0.10,6.11,1.73,4.17,2.32,-0.03,-0.13,0.15,0.19,0.15,1.07
-4.11,0.88,-0.84,-1.78,2.45,-3.34,-0.16,0.47,0.11,-0.32,2.20,-0.71,1.17,-1.92,-0.11,-0.26,0.44,0.22,0.16,1.07
10.83,3.31,-0.46,-1.38,-3.66,-14.07,-0.31,0.17,0.30,-1.28,-2.20,7.53,-4.03,0.34,0.06,0.00,0.29,0.25,0.20,1.22
-1.88,-1.20,0.38,0.12,0.27,-3.64,-0.63,1.45,-0.28,1.92,8.61,1.50,-0.61,0.03,0.06,0.13,0.07,0.14,0.27,1.40
1.29,0.64,1.64,2.03,-0.28,0.93,0.79,0.11,-0.16,0.25,6.10,6.21,6.29,-1.06,-0.03,0.00,0.22,0.25,0.55,1.89
-1.96,-0.06,2.22,2.53,-3.28,-0.42,0.78,0.18,0.15,0.40,3.69,-5.75,-1.32,3.12,0.03,-0.13,0.36,0.24,0.11,0.97
2.89,0.63,0.10,-0.40,-1.58,6.78,0.77,0.08,0.18,0.66,-16.57,-2.62,-1.76,1.67,0.20,0.00,0.22,0.27,-0.12,0.68
0.49,2.05,-0.43,-1.23,0.34,3.39,0.31,0.52,-0.22,-0.87,9.95,0.19,-1.51,1.27,0.15,0.00,0.21,0.13,-0.03,0.90
-1.50,1.61,-1.11,-2.23,1.73,6.63,0.00,0.27,0.37,1.05,-5.85,0.09,6.31,2.25,0.06,-0.13,0.29,0.18,-0.15,0.53
4.00,2.59,-1.24,-2.37,4.12,-2.79,0.92,0.33,0.22,1.33,-0.53,2.98,-2.25,0.08,0.03,0.00,0.29,0.33,0.01,0.77
-2.07,0.95,-0.24,-0.94,-5.12,-1.90,-0.46,0.25,0.20,-1.60,7.36,-1.29,-2.86,1.05,0.10,0.00,0.21,0.13,0.14,1.01
1.17,1.27,0.99,0.84,2.61,2.55,0.15,0.65,-0.08,1.38,-3.32,3.56,2.77,0.45,0.14,-0.13,0.21,0.16,0.34,0.91
0.34,-1.48,2.16,2.48,-2.83,-0.98,0.76,0.34,0.02,0.40,4.77,1.60,3.83,1.06,0.23,-0.13,0.42,0.35,0.40,0.68
3.35,0.09,3.34,4.21,-1.50,-6.41,0.45,0.17,0.17,0.17,-2.44,-1.24,-3.10,-0.41,0.21,0.00,0.28,0.20,0.08,0.59
1.22,1.64,0.86,0.29,-0.39,-4.71,0.15,0.66,0.34,1.54,1.07,5.06,2.84,0.58,0.24,-0.13,0.14,0.17,-0.05,0.13
0.83,2.11,1.41,1.44,-0.74,-1.73,0.45,-0.14,0.25,0.25,-1.40,0.08,-3.18,-1.62,0.37,0.13,0.35,0.24,-0.16,-0.04
1.35,2.14,0.66,-0.01,-0.87,5.00,0.45,0.18,0.41,-0.13,0.00,-2.49,-1.48,-0.87,0.34,0.00,0.21,0.15,-0.13,0.30
2.09,0.74,-0.16,-1.15,3.07,1.46,-0.15,-0.27,0.61,-0.63,-11.09,-8.35,5.16,8.23,-0.10,0.13,0.14,0.20,-0.08,0.23
-2.45,0.71,-1.10,-2.44,4.77,-0.38,0.30,0.67,0.26,0.52,14.98,4.45,-0.80,-0.81,0.30,-0.26,0.35,0.27,-0.01,0.23
2.64,0.06,0.44,-0.37,6.33,-1.64,-0.30,0.35,0.09,0.16,0.16,0.72,2.23,-1.31,0.34,-0.13,0.28,0.31,0.75,1.33
0.29,2.28,1.03,0.60,0.26,-4.46,0.15,0.36,0.28,0.92,1.57,1.61,-4.28,2.57,0.14,0.13,0.07,0.03,0.16,0.36
-0.40,0.68,1.61,1.64,5.97,-6.52,0.30,0.49,-0.04,-0.49,-2.05,3.82,-1.35,-2.21,0.26,0.13,0.14,0.16,-0.01,0.21
3.72,2.55,0.21,-0.47,-7.81,0.80,-0.15,0.10,0.04,0.51,3.60,4.66,1.09,-0.44,0.23,-0.13,0.21,0.17,0.11,0.37
-0.77,0.55,0.19,-0.59,-4.42,-2.79,0.45,0.57,0.48,0.89,3.25,1.69,1.52,2.44,0.26,0.26,0.14,0.10,0.19,0.47
2.05,0.51,1.25,1.03,3.89,3.54,0.89,0.15,-0.06,0.43,3.58,2.84,4.06,3.48,0.32,-0.26,0.41,0.31,0.13,0.41
-0.96,-1.24,1.41,1.22,0.35,-8.30,0.29,0.28,0.40,0.51,-1.16,5.30,0.11,-1.75,0.29,0.13,0.27,0.19,0.39,0.70
1.20,0.63,0.98,0.73,5.47,-14.05,0.59,0.35,-0.01,0.32,10.80,7.38,3.37,-0.81,0.33,0.00,0.21,0.02,0.13,0.40
3.34,1.67,3.23,0.38,-3.60,3.32,0.44,0.27,0.14,0.11,-18.66,-4.98,-3.88,0.99,0.26,0.13,0.00,0.03,0.01,0.09
-2.75,-2.29,0.09,-1.00,0.96,-1.48,0.00,0.80,0.40,0.91,4.98,-9.11,-3.97,0.74,0.23,0.26,0.27,0.23,0.02,-0.18
-4.46,-2.51,0.57,-0.59,1.99,-0.82,1.01,0.01,0.09,1.65,15.68,5.59,10.39,3.64,0.49,-0.13,0.27,0.28,0.13,0.40
1.27,-1.07,0.72,-0.01,-3.33,11.09,0.57,0.42,0.13,-0.53,-6.54,3.66,-2.95,1.27,0.38,0.00,0.07,0.12,0.03,0.26
1.63,-0.18,0.08,-0.88,2.92,8.76,0.43,-0.18,0.96,0.24,4.08,0.29,0.31,1.67,0.36,0.00,0.20,0.14,0.27,0.16
-2.48,-0.17,0.33,-0.93,0.17,6.44,0.71,0.60,0.52,0.91,-7.98,-2.83,3.49,3.47,0.33,-0.26,0.27,0.25,-0.32,-0.54
3.23,1.95,-1.28,-2.33,-1.10,3.00,0.14,-0.07,0.41,-0.44,2.11,-1.63,-2.11,0.65,0.39,0.00,0.34,0.31,0.25,0.15
4.02,0.21,-0.01,0.36,0.45,-6.68,0.56,0.66,0.50,2.33,0.76,3.10,5.61,2.29,0.31,-0.39,0.40,0.23,-0.07,-0.29
-2.48,-1.62,-0.92,-1.41,2.33,-5.14,0.42,0.15,0.19,-0.43,1.64,2.51,-0.85,0.42,0.34,0.13,0.20,0.11,0.01,-0.21
2.22,-0.21,-0.52,-1.06,-2.83,1.42,0.84,0.62,0.54,0.76,-1.64,-1.07,0.46,0.54,0.23,0.26,0.07,0.17,-0.05,-0.16
-3.71,-0.07,0.48,0.77,-0.20,2.18,0.55,0.07,0.43,0.88,4.12,-4.17,1.88,3.11,0.45,-0.13,0.27,0.19,0.08,-0.21
1.47,0.88,2.27,1.99,0.04,-5.33,1.10,0.27,0.58,0.75,-3.78,4.09,4.14,-0.96,0.34,0.13,0.20,0.06,-0.02,-0.36
2.56,1.91,2.21,-0.41,-2.20,4.72,0.14,-0.01,0.77,0.44,-3.35,-8.52,-1.48,2.15,0.30,-0.26,0.27,0.20,0.17,-0.15
3.82,2.37,-0.50,-1.04,0.40,2.96,-0.14,-0.18,0.27,-0.56,-6.69,-2.21,0.73,-1.09,0.17,0.13,0.27,0.18,-0.07,-0.92
2.91,1.15,-0.96,-3.68,4.06,0.11,0.14,0.53,0.50,-0.04,-5.23,-2.26,3.50,2.56,0.23,0.00,0.20,0.19,0.03,-0.44
2.90,1.48,-2.79,-3.33,-0.58,6.87,0.00,-0.17,0.47,-0.75,1.43,2.66,-1.20,1.88,0.17,-0.26,0.40,0.26,0.23,-0.09
3.92,4.67,-0.06,0.65,-1.41,-0.66,0.27,0.72,0.22,0.73,3.64,0.95,1.50,-0.39,0.01,0.13,0.20,0.15,0.71,0.64
2.30,0.90,0.19,-0.09,0.71,-6.92,0.41,0.80,0.41,0.96,-2.54,2.64,-0.28,0.62,0.21,0.00,0.20,0.10,0.70,0.99
3.26,-0.49,0.04,0.12,-0.96,-6.27,-0.41,-0.27,0.27,-1.19,13.15,3.69,-0.36,-0.35,0.10,0.39,0.13,0.13,0.52,0.69
0.25,1.47,2.33,3.18,-0.26,4.13,1.22,0.49,0.15,2.01,-3.13,2.34,2.49,-0.70,0.32,-0.13,0.20,0.22,0.60,0.66
4.13,1.12,1.46,1.78,0.43,1.10,0.40,0.23,0.29,-0.12,-3.38,2.49,2.66,1.29,0.25,0.26,0.13,0.07,0.36,0.45
-0.36,1.53,-0.19,-1.02,-0.35,-4.43,-0.13,-0.39,0.45,0.05,0.00,-1.49,-1.01,-1.31,0.14,-0.13,0.26,0.26,0.31,0.41
4.30,1.76,1.29,0.45,1.34,3.10,0.27,0.83,0.02,0.82,5.89,2.12,0.25,0.18,0.09,0.26,0.13,0.00,0.18,0.21
1.91,1.35,0.72,0.86,-0.21,5.67,0.40,0.64,-0.16,0.47,-1.46,0.84,1.13,0.94,0.19,0.00,0.13,0.19,0.26,0.36
3.35,0.87,0.92,1.40,4.68,-0.84,-0.67,-0.45,0.45,-1.00,2.48,-3.89,-1.10,1.74,-0.05,-0.13,0.52,0.22,0.51,0.76
0.92,-2.37,0.17,0.22,-1.22,1.00,1.46,0.77,-0.02,0.90,1.62,2.35,2.65,-0.48,0.46,-0.13,0.19,0.16,0.38,0.66
0.96,-0.75,-0.01,-0.08,-1.08,11.34,0.00,0.48,-0.37,0.05,-4.60,1.19,-1.41,0.45,0.22,-0.13,0.32,0.30,0.68,1.10
1.46,-0.85,0.30,0.61,-1.28,9.85,0.92,0.37,0.53,0.89,6.26,1.79,0.88,1.02,0.21,0.26,0.39,0.30,0.29,0.39
2.55,-0.09,0.47,0.47,-0.19,-10.36,0.65,0.13,-0.02,0.76,-0.79,-0.41,1.28,3.06,0.33,-0.13,0.19,0.17,0.32,0.43
0.38,1.33,0.47,0.27,-2.21,-3.84,0.90,0.12,-0.06,-0.47,-2.49,-1.94,0.20,-0.57,0.24,0.26,0.19,0.00,0.35,0.64
-4.52,0.28,-0.13,-0.46,0.86,4.17,-0.13,0.21,0.44,0.79,0.34,1.46,-1.52,0.25,0.24,0.13,0.19,0.21,0.39,0.66
2.09,-0.32,-0.43,-0.59,0.30,2.96,0.51,0.34,0.16,0.34,5.61,-2.58,2.29,1.61,0.25,0.13,0.13,0.10,0.19,0.29
5.48,2.02,0.54,0.78,-1.95,8.84,0.64,0.13,0.11,0.31,-5.41,-1.50,-0.49,1.11,0.12,0.00,0.32,0.28,0.25,0.41
2.72,2.66,0.46,0.34,0.13,3.72,0.00,0.30,0.50,0.78,-5.79,-2.47,2.29,-0.97,0.31,-0.13,0.32,0.30,0.46,0.51
7.29,2.17,-0.39,-1.02,-2.18,-4.90,0.89,0.25,0.22,0.74,6.74,3.90,1.21,1.39,0.22,0.13,0.32,0.18,0.51,0.67
-2.00,-1.32,1.09,1.72,-0.55,6.85,0.63,0.39,-0.04,-0.72,-8.33,-0.07,-1.93,1.91,0.20,0.00,0.25,0.11,0.53,0.79
6.06,0.14,1.08,1.79,-6.65,-0.87,0.13,0.47,-1.24,1.28,-1.10,-2.08,-0.35,0.24,0.18,0.26,0.19,0.13,0.37,0.47
0.78,0.26,1.83,2.91,3.72,-12.51,1.25,0.21,0.45,2.02,9.23,4.46,4.03,0.41,0.34,0.00,0.19,0.21,0.30,0.58
-4.20,-1.26,0.78,0.85,-2.96,-5.65,0.62,0.27,-0.24,0.05,-1.97,-0.62,3.31,-0.15,0.29,0.38,0.06,0.10,0.39,0.71
5.80,1.60,0.78,1.19,-2.32,-6.24,0.12,0.00,1.20,0.33,2.37,-1.05,0.76,1.75,0.30,0.13,0.06,0.10,0.42,0.46
5.91,0.89,-0.98,-1.72,1.59,5.48,0.49,0.06,0.57,-0.02,-3.41,-0.49,0.24,1.22,0.28,0.38,0.00,-0.05,0.30,0.38
4.38,1.54,-0.33,-0.57,-3.25,-8.30,0.49,0.49,0.56,1.34,3.54,-0.85,1.36,-0.67,0.15,0.00,0.19,0.13,0.43,0.65
7.66,3.63,1.17,1.11,-2.48,2.37,0.85,0.93,0.57,1.01,-3.89,2.67,2.21,2.31,0.29,0.25,0.12,0.06,0.46,0.70
-5.77,-1.53,1.80,2.09,-0.31,1.52,0.96,0.61,0.44,-0.28,-3.33,0.62,-2.27,0.40,-0.04,0.38,0.25,0.08,0.85,1.13
5.33,1.85,0.46,-0.43,2.05,-0.70,0.95,0.02,0.56,0.81,10.64,3.06,0.61,1.06,0.44,-0.13,0.25,0.24,0.40,0.75
-3.40,1.48,0.58,-0.66,-6.44,7.17,0.82,0.51,0.67,-0.29,-1.70,0.33,0.27,0.31,0.26,0.50,0.19,0.13,0.48,0.70
4.53,0.18,1.61,0.61,-4.80,-5.26,0.82,0.41,0.40,1.06,-0.66,-2.02,-1.90,-1.42,0.24,0.25,0.12,0.01,0.56,0.72
1.70,1.09,3.85,2.34,-2.25,-9.62,0.35,0.57,0.55,-0.25,3.64,-0.89,1.02,1.98,0.25,0.25,0.06,-0.02,0.45,0.79
1.10,1.29,3.29,1.26,4.92,-9.20,0.58,-0.09,0.46,0.19,-2.65,6.58,0.08,-0.71,0.19,0.12,0.12,0.05,0.58,0.88
6.96,-0.13,-1.34,-0.96,-2.47,-3.97,0.12,0.65,0.96,1.39,3.80,5.75,-1.45,-0.46,0.20,0.37,0.00,-0.05,0.80,1.07
4.99,0.49,-0.24,0.39,1.20,-6.69,0.00,0.45,0.89,0.49,-1.08,-2.58,0.62,2.90,0.04,0.37,0.00,0.02,0.63,0.95
1.00,0.51,-0.22,0.48,3.17,2.76,0.35,0.53,0.49,0.14,-1.74,-3.68,-3.16,-0.02,0.25,0.37,0.12,0.12,0.62,1.15
-1.73,1.22,0.78,0.38,-5.66,-3.83,0.69,0.72,0.16,0.34,-0.26,0.45,-0.05,0.19,0.32,0.00,0.25,0.14,0.58,1.06
3.98,0.90,2.20,1.71,0.92,-8.42,-0.69,0.66,0.10,-0.40,6.61,-0.19,0.28,-2.09,0.19,0.00,0.12,-0.09,0.48,0.95
-1.07,-0.08,0.27,0.63,-2.55,3.03,-0.35,0.06,0.14,-0.59,3.41,3.73,-1.20,-0.42,0.02,0.00,0.25,0.25,0.47,0.77
-15.62,0.14,1.61,1.52,-5.50,-5.25,2.05,0.46,0.31,1.09,-5.07,2.70,-0.72,1.48,0.35,0.37,0.12,0.14,0.59,1.15
6.21,3.06,-1.18,-3.99,7.21,11.24,-0.11,0.74,0.45,0.95,-2.00,-4.77,2.23,0.53,0.16,0.24,0.06,-0.06,0.92,1.49
7.82,-1.16,-2.68,-3.40,-0.53,-3.82,0.79,0.34,0.39,0.84,8.07,8.62,3.16,2.30,0.19,0.00,0.24,0.22,0.94,1.66
5.88,1.30,-0.01,0.91,0.82,-11.32,-0.11,0.27,0.59,0.43,-3.26,-2.77,0.50,0.04,0.20,0.12,0.12,0.01,0.90,1.48
5.60,0.82,-0.66,-0.82,-2.37,-13.03,0.34,0.81,-0.01,0.77,7.65,4.10,-2.49,-1.35,0.29,0.12,0.18,0.10,0.66,1.12
4.10,0.98,0.17,-0.79,-0.84,10.03,0.56,-0.14,0.36,-0.13,-2.49,-0.58,-1.27,1.18,0.06,0.12,0.18,0.18,0.63,0.91
-3.16,-2.59,1.33,1.45,0.58,-3.76,0.44,0.50,0.63,1.53,-4.56,-0.70,-1.34,2.62,0.37,0.36,0.00,-0.02,0.52,1.06
3.92,0.94,1.22,2.06,-2.68,19.94,0.22,0.43,0.76,-0.15,2.37,-3.25,0.41,-0.34,0.08,0.12,0.06,0.08,0.16,0.25
3.80,0.35,-0.51,0.13,2.53,16.79,0.22,0.57,0.21,-0.17,-9.63,-3.98,1.42,1.54,0.26,-0.24,0.67,0.46,0.64,1.13
-2.39,-1.51,-0.15,0.05,-6.49,2.34,0.66,0.43,0.22,1.46,3.67,2.47,-0.08,2.93,0.20,0.24,0.06,0.05,0.54,0.78
5.40,-0.44,0.50,0.86,-2.87,0.79,-0.11,0.43,0.10,0.10,-3.28,3.71,-0.15,3.16,0.21,0.24,0.00,0.02,0.49,0.64
-3.17,-0.61,0.06,0.29,-2.09,11.50,0.66,0.18,0.42,0.13,6.82,-1.18,1.49,1.52,0.22,0.00,0.42,0.26,0.61,0.59
-0.50,-0.24,-0.90,-2.06,-0.31,5.76,0.43,0.54,0.20,0.79,-1.27,-0.66,2.49,0.74,0.14,-0.12,0.24,0.18,0.38,0.64
-2.78,1.13,-0.57,-1.38,16.00,11.62,-0.43,0.47,0.37,-0.18,-0.79,-7.45,2.26,0.77,0.16,0.00,0.42,0.35,0.35,0.34
6.14,0.26,-0.45,-1.09,0.03,-5.33,1.30,0.21,0.49,0.87,-1.67,6.13,-0.03,1.58,0.34,0.00,0.18,0.16,0.52,0.74
2.01,0.18,0.23,1.06,-2.63,9.80,0.43,0.47,0.76,0.52,2.46,1.39,0.28,1.17,0.25,0.00,0.18,0.09,0.41,0.75
5.72,-0.36,0.04,0.42,-0.38,4.35,0.85,1.31,0.63,0.43,3.58,0.66,3.75,2.32,0.26,0.00,0.24,0.24,0.60,0.87
-5.15,-0.34,-0.16,-0.13,-2.42,4.13,0.00,-0.34,-0.01,0.79,-4.31,2.58,0.05,0.84,0.16,0.12,0.30,0.28,0.61,0.87
-1.91,0.77,1.25,2.28,3.59,7.68,0.21,0.96,0.17,-1.82,5.99,-2.05,-0.21,2.11,0.05,0.00,0.41,0.32,0.29,0.10
9.33,1.10,-0.02,0.38,-5.93,1.82,0.42,0.57,0.12,1.18,-7.97,-2.45,1.16,3.36,0.31,-0.36,0.59,0.43,0.66,0.89
-3.05,-1.29,0.56,0.70,-0.62,-14.95,0.74,-0.12,0.54,0.83,1.36,-3.33,1.07,0.07,0.26,0.48,-0.06,-0.10,1.18,1.16
-2.07,-0.52,2.18,3.07,-1.02,11.16,0.10,0.47,0.36,-0.53,-3.19,-3.44,-0.29,0.41,-0.14,0.12,0.18,0.07,-0.26,-0.22
2.44,2.46,-1.01,-2.55,5.68,10.07,0.10,0.21,0.53,0.66,-1.02,1.86,3.65,3.32,0.20,-0.24,0.58,0.33,0.37,0.31
-1.58,1.18,0.25,0.90,-4.04,-6.69,-0.10,0.06,0.38,-0.63,-6.36,-1.93,-0.43,0.32,0.14,0.00,0.29,0.24,0.37,0.77
6.03,1.29,0.69,1.58,0.09,4.76,-0.31,0.53,0.41,0.03,5.19,0.65,3.07,0.31,0.04,0.36,0.00,-0.01,0.59,0.83
-5.42,0.76,1.15,1.57,-1.22,8.18,0.42,0.80,0.09,1.07,-2.23,1.15,-0.30,2.60,0.17,-0.24,0.52,0.43,0.74,1.07
-0.42,-0.03,1.44,1.59,-3.40,-2.39,-0.31,-0.06,0.70,-0.77,2.75,0.44,-1.07,-0.32,-0.02,0.24,0.17,0.14,0.33,0.45
-8.21,1.41,0.81,0.91,1.72,3.91,0.00,0.08,0.45,-0.73,0.13,2.32,-0.23,-1.96,0.14,0.36,0.17,0.13,0.22,0.30
0.49,1.90,-0.83,-1.92,1.97,-18.96,-0.21,0.49,-0.09,0.78,-1.23,-4.50,-1.32,-0.31,0.03,0.12,0.23,0.13,0.91,1.19
3.49,2.64,-0.11,-1.09,-3.69,3.86,-0.63,0.00,0.12,-0.81,4.34,9.63,0.08,1.72,0.00,-0.60,0.57,0.45,1.02,1.83
-9.56,0.97,0.59,1.32,0.83,0.10,-0.64,0.13,-0.60,0.44,1.55,-2.56,0.37,-4.98,-0.06,0.24,0.23,0.14,0.77,2.08
-6.54,0.76,1.61,2.34,-3.43,-8.34,-0.32,-0.12,-0.50,-1.21,-2.18,0.18,-2.70,1.49,-0.06,0.48,0.06,0.01,1.15,1.79
7.48,-0.51,0.77,1.06,2.09,0.62,-0.21,0.01,0.26,-0.79,3.64,0.42,-2.43,-3.69,-0.25,-0.12,0.17,0.18,1.25,1.97
0.67,1.02,-0.09,0.08,1.64,4.39,-0.64,0.39,0.08,0.86,-2.70,-0.06,1.53,-3.12,-0.12,-0.24,0.51,0.27,-0.06,0.97
-2.46,0.43,0.65,0.92,1.15,-3.70,-0.65,0.01,-0.48,-1.37,1.91,-2.37,-4.28,-0.18,-0.22,0.24,0.23,0.18,0.78,1.59
-0.99,2.78,0.32,0.06,-1.75,-4.26,-0.54,0.20,-0.43,0.38,2.06,-1.74,-3.00,-1.38,-0.12,0.36,-0.17,-0.03,0.58,1.01
-6.46,1.08,-1.64,-2.27,2.64,3.78,-0.11,0.53,-0.02,0.82,-6.37,1.06,0.59,-1.19,-0.15,0.24,0.00,-0.01,0.65,0.48
-8.42,0.24,0.27,-0.38,7.10,-5.96,-0.44,-1.03,-0.23,-2.12,-0.32,-3.14,-5.64,-1.76,-0.31,-0.36,0.39,-0.33,2.09,3.11
1.89,2.21,0.66,0.79,-5.02,-15.29,-0.44,2.39,-1.05,2.93,-1.42,0.06,1.08,0.40,-0.31,0.71,-0.28,0.36,-0.25,1.34
7.39,-0.82,0.42,1.31,-1.17,-12.14,-0.44,-0.50,-0.78,-0.49,3.95,5.29,-0.49,-1.48,-0.36,0.47,-0.06,-0.06,0.81,1.52
0.87,-0.59,0.09,0.51,0.36,-1.74,0.00,-0.18,0.05,0.20,-2.15,1.74,-1.14,-3.91,-0.12,0.47,-0.06,-0.11,0.98,1.51
-1.47,0.52,1.18,1.45,2.08,1.74,0.66,0.30,0.42,-0.10,7.97,-0.90,-0.23,3.31,-0.01,-0.12,0.17,0.08,0.38,0.53
-1.95,0.75,0.57,0.71,5.03,5.30,0.00,0.45,-0.27,0.36,7.43,7.07,-0.40,2.32,-0.06,0.00,0.17,0.17,0.54,0.85
3.69,-1.93,-0.56,-0.90,1.52,16.33,0.77,-0.02,-0.07,-0.49,-10.79,-5.52,0.37,-0.10,-0.05,0.00,0.28,0.28,0.22,0.41
-6.25,1.34,-0.29,-0.72,2.23,7.30,0.43,0.51,0.08,1.14,-3.09,-1.31,3.57,4.83,-0.17,-0.47,0.45,0.43,0.00,0.24
-0.74,1.28,-1.24,-2.80,5.80,2.81,0.43,-0.38,0.29,0.21,10.26,2.78,0.39,0.44,-0.16,0.24,0.11,0.07,0.47,0.62
-7.39,-0.03,-1.12,-2.63,-2.51,-5.71,0.97,0.37,0.36,0.33,-2.70,2.42,1.01,1.50,-0.10,0.24,0.06,0.12,0.45,0.42
-8.12,0.09,-1.39,-2.47,-4.45,5.41,-0.32,0.65,0.30,-0.28,-3.68,-1.14,0.61,-0.67,-0.17,0.12,0.22,0.20,0.77,0.77
0.65,2.60,1.12,1.39,2.64,5.21,0.00,0.10,-0.01,0.96,-1.34,-2.51,0.07,2.56,-0.06,0.00,0.28,0.19,0.76,0.56
-11.51,1.93,0.68,0.18,3.43,4.45,0.21,-0.32,0.31,-0.86,9.96,6.18,-0.91,-0.36,-0.04,0.12,0.17,0.18,0.44,0.21
8.44,-1.28,0.77,0.48,-2.12,-2.80,-0.32,0.35,-0.04,-0.46,-9.04,-0.22,-0.98,-2.55,0.10,0.12,0.22,0.19,0.79,0.49
5.72,1.35,-1.04,-1.42,0.68,-9.37,0.54,0.29,0.28,1.07,6.18,-1.57,1.28,5.29,-0.06,0.12,0.17,0.10,0.88,2.13
-6.05,3.07,-0.53,-1.00,8.46,11.32,-0.54,0.62,0.49,-0.78,1.98,6.82,-3.51,1.30,-0.21,0.12,0.17,0.09,0.37,0.84
-2.65,0.35,-1.21,-2.61,5.68,11.30,0.54,0.00,0.15,0.59,3.57,-4.75,2.23,-1.14,0.04,-0.35,0.44,0.27,0.57,0.21
-1.51,2.06,-0.13,-1.12,-6.19,8.52,0.32,-0.36,0.46,-1.11,-12.88,2.51,1.33,-0.55,-0.15,-0.12,0.55,0.39,0.62,0.52
0.97,0.09,-0.39,-0.73,-3.12,-6.69,-0.21,0.60,0.00,0.91,5.78,-5.37,0.39,3.50,-0.34,-0.35,0.16,0.23,0.35,0.13
7.92,1.88,-0.79,-0.36,0.57,-17.19,-0.64,0.50,0.04,-0.29,-4.93,2.58,-0.86,-2.08,-0.03,0.59,-0.38,-0.20,0.64,0.33
5.13,3.13,-3.34,-4.82,7.06,-0.39,0.00,0.23,-0.25,0.87,6.37,1.76,-0.44,-0.55,-0.01,0.58,-0.16,-0.13,1.02,0.75
1.27,-0.15,-0.51,-1.14,-4.35,8.77,0.21,0.57,-0.09,0.93,6.41,2.16,3.82,0.76,-0.03,0.12,0.11,0.09,0.61,0.77
1.75,-4.31,0.98,1.94,2.50,0.13,0.43,0.49,-0.06,0.76,1.59,0.53,0.19,1.62,-0.03,-0.12,0.33,0.28,0.78,1.54
1.93,0.75,1.15,1.31,5.71,2.66,-0.21,0.91,-0.37,-0.04,-3.43,4.21,-2.55,-2.99,0.07,-0.35,0.43,0.32,0.96,0.52
-1.07,3.54,-1.07,-1.83,3.25,-11.03,0.64,-0.29,0.37,0.41,5.62,-0.25,3.11,3.59,0.13,-0.35,0.32,0.30,-0.46,-0.43
5.50,-1.13,-2.07,-3.96,-0.45,6.96,0.11,0.14,0.28,0.24,1.43,2.57,1.89,1.24,0.09,0.23,-0.11,-0.01,-0.15,-0.27
0.88,0.45,-0.11,-0.37,3.08,2.47,0.74,0.56,0.15,0.39,5.73,-4.78,3.88,0.65,0.07,0.35,0.05,0.12,0.08,-0.09
5.11,1.33,-1.36,-2.60,4.40,3.35,0.00,0.14,0.12,-0.28,-1.26,3.53,-1.76,2.99,0.07,-0.23,0.27,0.23,-0.03,-0.46
1.82,1.06,-1.60,-2.05,-4.04,6.39,0.21,0.31,-0.10,-0.50,-7.36,-1.78,-1.34,-0.11,0.10,-0.23,0.43,0.42,0.14,0.21
1.38,1.14,0.38,0.57,-0.98,1.36,0.63,0.17,0.50,0.77,-3.46,0.71,4.92,2.75,0.05,-0.12,0.21,0.23,0.64,0.59
-1.52,1.05,1.01,1.81,6.80,5.65,-0.52,0.53,0.38,2.32,7.91,4.96,3.02,4.04,0.27,0.00,0.21,0.16,0.59,0.66
-1.58,-3.16,0.71,1.13,-8.67,-0.19,0.42,-0.03,0.18,-1.07,0.25,0.19,-1.19,-0.11,0.30,0.12,0.16,0.18,0.67,0.73
1.36,-0.76,1.57,1.69,1.22,9.34,0.83,0.59,0.37,0.28,-1.10,3.79,2.37,1.78,0.32,-0.23,0.43,0.33,1.24,1.27
1.93,0.53,-0.91,-1.55,0.65,-5.77,-0.83,-0.48,0.48,-0.09,-8.04,-6.24,-3.40,3.01,0.18,-0.12,0.37,0.29,0.04,-0.03
-3.37,1.19,-0.71,-1.32,-1.12,6.79,0.73,0.78,0.59,0.15,9.09,4.45,1.89,-1.11,0.13,0.00,0.11,0.10,0.22,0.02
0.40,2.33,0.16,0.30,3.97,9.93,0.10,0.36,0.44,0.86,1.09,-2.69,0.72,1.01,0.16,0.24,0.05,0.06,0.42,0.21
1.08,0.52,-0.38,-0.53,2.04,2.22,0.10,0.62,-0.17,0.41,-6.06,-0.73,2.12,0.14,0.20,0.00,0.32,0.20,0.55,0.29
1.52,0.98,-1.43,-2.31,2.35,14.52,0.93,0.21,0.48,0.21,8.40,2.71,0.82,3.48,0.34,-0.47,0.53,0.43,0.44,0.08
3.97,-1.02,-2.60,-3.96,6.34,-9.20,0.21,0.17,0.56,0.18,-15.08,-0.86,-1.27,2.35,0.03,-0.35,0.47,0.38,0.42,0.28
3.35,1.41,-1.10,-1.08,-4.01,-11.19,0.71,0.67,0.07,1.55,13.62,0.14,3.17,-1.19,0.17,0.12,0.00,0.05,0.29,0.09
-2.47,0.80,0.52,1.16,-3.14,7.79,0.51,-0.26,0.89,0.36,4.87,2.70,0.22,1.34,0.10,0.35,-0.05,0.13,0.10,-0.15
2.08,-0.64,0.18,0.93,3.10,2.38,0.71,0.42,0.60,0.03,2.90,-1.18,0.72,2.14,0.28,-0.24,0.42,0.27,0.13,-0.18
-1.79,-1.35,-0.53,-1.15,-1.84,12.41,-0.20,0.18,0.21,-0.68,-16.89,-2.49,0.84,-3.02,0.18,0.00,0.36,0.29,0.14,-0.14
-1.91,1.63,0.84,1.65,1.90,-2.37,0.20,0.62,0.11,1.50,10.05,4.18,3.64,4.65,0.36,-0.12,0.31,0.26,0.22,0.10
3.13,1.24,0.45,1.40,-5.00,-6.24,0.10,-0.07,-0.06,-0.19,-1.76,-3.07,-0.55,-1.07,0.13,0.24,-0.05,0.05,0.27,-0.05
0.14,0.80,0.95,1.80,5.32,12.14,0.40,0.87,0.16,0.94,2.10,4.36,-0.17,1.43,0.30,0.12,0.05,0.06,0.50,0.46
3.65,-1.07,0.41,0.92,-1.87,4.25,-0.30,0.77,-0.22,-0.07,-0.68,1.14,-0.35,-0.14,0.25,-0.24,0.62,0.42,0.49,0.50
-0.92,1.65,-1.31,-1.82,0.99,10.15,0.20,-0.37,0.24,0.25,1.98,0.72,2.02,1.28,0.21,-0.59,0.61,0.40,0.50,0.37
0.81,-1.59,-0.12,-0.54,8.83,0.92,-1.82,-0.35,0.31,-0.48,2.64,1.96,-2.64,3.37,0.12,-1.44,1.37,0.96,0.51,0.55
-1.68,-1.01,0.95,1.54,-0.53,-5.00,1.22,0.31,0.47,-0.01,-4.08,-4.20,2.67,3.22,0.15,0.60,0.15,0.15,0.52,0.51
3.71,0.51,0.71,1.69,5.15,-6.75,1.00,0.35,0.28,1.36,3.89,2.19,1.96,-1.37,0.35,0.83,-0.50,-0.21,0.25,0.10
0.03,0.97,-0.63,-0.88,3.44,1.92,0.60,0.35,0.51,0.57,-7.39,-4.52,2.62,1.77,0.17,0.36,0.00,0.00,0.40,0.44
2.61,-0.20,-1.31,-1.54,10.32,9.74,0.20,0.51,0.38,0.52,13.10,4.25,0.93,2.42,0.34,-0.36,0.60,0.49,0.64,0.57
0.27,0.40,0.16,0.85,-2.27,-6.11,0.00,0.28,-0.09,0.24,-7.02,-3.26,1.21,-2.87,0.31,0.36,0.05,0.05,0.36,0.12
1.24,-1.27,0.14,-0.07,4.57,2.04,0.20,0.18,0.55,0.17,-7.34,-1.08,2.14,1.45,0.32,0.24,0.15,0.17,0.21,0.07
1.33,-0.43,-0.71,-1.34,10.12,10.25,0.39,0.15,0.21,-0.95,-7.81,-5.83,-0.13,0.34,0.18,0.00,0.50,0.43,0.55,0.46
-2.92,-0.05,-2.04,-3.96,1.39,1.78,-0.10,0.19,0.41,0.82,6.43,-4.77,1.67,2.43,0.08,-0.24,0.30,0.25,0.10,0.05
0.14,0.07,1.16,1.08,-6.24,0.03,0.39,0.04,0.36,-0.28,-7.48,-2.01,2.15,0.18,0.08,0.24,0.25,0.24,0.56,0.57
0.61,1.47,-0.28,0.48,3.05,4.75,-0.10,0.53,0.09,-0.44,-3.67,-5.73,-2.46,0.61,0.14,-0.24,0.54,0.35,0.60,0.53
2.35,1.85,-0.64,-0.89,-1.43,-1.84,0.39,-0.32,0.49,0.56,-5.14,-2.35,2.79,2.28,0.16,-0.12,0.44,0.32,0.45,0.38
2.54,1.07,0.22,0.48,-3.97,-13.43,-0.20,0.62,0.34,-0.02,4.15,-3.97,0.91,-1.21,0.05,0.83,-0.49,-0.27,0.39,0.39
3.21,0.87,0.29,0.97,0.75,-8.13,0.00,0.44,-0.04,0.07,-14.29,-5.27,0.86,-2.89,0.06,0.94,-0.44,-0.24,0.71,0.79
1.88,1.41,-0.83,-1.10,6.87,0.83,-0.10,0.04,0.41,0.06,5.16,-2.25,1.46,0.65,0.19,0.23,0.05,0.04,0.50,0.59
1.39,-0.93,-0.75,-0.73,-2.30,4.38,0.98,0.58,0.00,1.59,4.91,6.49,0.47,2.50,0.21,-0.23,0.54,0.37,0.61,1.05
1.50,0.06,0.91,1.74,2.89,-12.81,-0.49,0.14,-0.03,-0.61,-15.73,-0.74,0.95,-1.47,0.20,0.12,0.17,0.36,0.54,0.25
-1.98,2.01,-0.34,-0.35,2.08,8.25,0.97,0.00,0.25,0.60,4.92,-1.74,-2.13,-0.58,0.04,0.00,0.39,0.32,0.22,0.27
1.11,-0.50,-0.49,-1.02,-0.37,2.17,0.29,0.05,-0.04,0.13,1.01,-0.13,4.34,4.23,0.25,-0.23,0.52,0.35,0.47,0.77
4.33,0.75,-1.27,-1.69,2.28,5.48,0.67,0.11,0.27,-0.17,-0.34,-8.22,-0.33,-1.34,0.07,0.00,0.30,0.21,1.01,1.28
3.43,-0.99,-0.86,-0.82,-2.68,-0.80,0.00,0.09,0.15,0.67,-5.16,1.55,1.88,0.87,0.19,-0.12,0.41,0.28,0.19,0.64
-1.68,-0.50,-0.24,-0.30,-1.31,6.14,0.10,-0.04,0.20,-0.11,2.31,-5.93,1.07,1.29,0.11,0.35,0.23,0.21,0.46,0.85
-3.15,0.30,-1.26,-1.80,2.28,9.47,-0.10,0.28,0.01,-0.60,-6.71,-3.32,0.45,0.33,0.10,0.00,0.18,0.16,0.42,0.95
1.49,0.98,0.53,0.00,0.97,-2.44,0.19,0.39,0.36,1.25,-1.79,-2.98,1.84,-0.14,-0.06,0.23,0.03,0.06,1.04,1.97
3.67,0.53,-1.34,-2.08,10.04,9.91,0.38,0.08,0.38,0.05,-11.71,-4.65,0.52,0.88,0.11,-0.12,0.42,0.37,0.25,1.52
1.58,1.11,-2.04,-2.62,6.07,7.55,-0.38,0.01,0.22,0.53,6.62,-5.63,1.46,1.20,0.11,-0.23,0.31,0.28,0.19,1.27
-4.27,0.88,-1.46,-2.45,-0.76,9.32,0.57,0.20,0.14,-0.24,-5.45,2.65,1.29,2.80,0.07,-0.58,0.78,0.52,0.34,1.13
-0.70,-0.06,0.86,2.08,6.55,-3.10,0.09,-0.12,0.30,-0.82,-14.35,-6.32,0.79,-1.09,0.10,0.00,0.29,0.23,0.41,0.87
-6.19,1.47,-0.81,-0.86,9.87,1.32,-0.29,-0.05,0.46,0.50,4.43,-4.91,2.76,3.29,0.01,-0.12,0.34,0.27,0.45,0.59
-3.30,-1.09,-0.86,-0.69,5.09,2.55,-0.38,-0.38,-0.11,-0.96,1.74,-7.59,2.90,2.30,-0.09,0.12,0.24,0.21,1.12,2.59
-0.43,-0.65,-2.00,-3.27,-3.99,10.17,-0.19,0.15,-0.50,-1.33,-9.30,-4.75,-1.44,-2.46,-0.04,0.12,0.36,0.31,0.87,1.88
4.76,0.75,-0.39,0.13,-6.93,6.43,-0.77,0.16,-0.19,1.01,0.79,4.15,4.07,4.28,-0.20,-0.12,0.23,0.21,0.56,1.00
1.29,-1.20,0.34,0.38,1.68,10.79,-0.58,0.12,-0.33,-0.69,-4.03,-1.30,0.40,0.54,-0.20,-0.23,0.59,0.45,0.15,0.49
-8.81,0.02,0.22,0.94,4.90,6.59,-0.29,-0.17,0.14,-0.13,7.23,17.05,4.37,1.72,-0.19,-0.94,1.04,0.71,0.23,0.58
-0.84,-1.35,-0.72,-0.72,-1.33,-0.37,-0.49,-0.46,0.28,-1.74,-12.51,-24.78,2.16,3.87,-0.20,-0.48,0.71,0.43,0.60,0.56
1.44,1.05,2.58,4.42,-9.72,-13.48,-1.58,-0.02,-0.19,-0.74,-8.95,-7.09,-1.78,-4.24,-0.25,0.71,-0.15,-0.09,0.19,0.11
-9.33,-6.22,2.37,2.01,6.00,-11.54,-4.36,-0.62,-0.54,-2.49,-2.88,-7.37,-8.10,-5.76,-0.35,0.00,0.09,0.11,0.90,0.06
-18.39,-9.09,6.47,6.47,-19.10,-30.42,0.93,-0.22,-0.43,-0.94,-5.39,-7.96,-2.04,-1.01,-0.44,1.41,-0.86,-0.61,1.37,0.42
-7.45,3.53,2.44,2.92,10.85,-28.85,-1.24,-0.26,-0.10,-2.77,-17.54,-16.19,-7.09,-14.63,-0.75,2.65,-1.79,-1.15,0.63,1.30
1.06,5.72,-1.07,-2.67,6.56,-33.67,-2.96,-0.38,-0.80,-0.54,-15.21,-12.22,-10.59,-7.70,-0.61,1.35,-0.83,-0.54,2.18,2.44
-8.81,0.33,0.60,0.54,5.56,1.74,-2.50,0.51,-0.37,-2.14,-13.35,-1.64,-6.55,-7.54,-0.77,-0.22,0.25,0.04,0.99,1.67
-11.26,-1.24,2.49,2.71,3.47,-6.38,-0.66,-0.38,-0.92,0.62,17.21,2.36,2.97,-5.83,-0.67,-0.11,0.36,0.20,0.35,0.77
8.40,-0.70,0.43,0.63,-3.80,20.31,-1.56,-0.40,-0.91,-2.08,-14.19,-8.41,-1.67,0.06,-0.74,0.45,-0.10,-0.08,0.79,1.05
9.14,2.80,-2.51,-1.85,-3.70,3.70,-0.79,-0.09,-0.73,-0.78,-5.49,1.55,-2.93,-1.08,-0.78,-0.11,0.10,0.16,0.04,0.33
5.44,3.21,-2.91,-4.20,9.93,17.24,-1.02,0.13,-1.02,0.04,12.20,6.50,2.77,-1.53,-0.24,-0.11,0.15,0.12,0.68,0.95
0.20,4.43,-1.29,-2.46,-4.29,16.37,-0.34,0.00,-1.09,-0.16,8.00,7.78,2.80,2.84,-0.43,-0.90,0.83,0.59,0.11,0.16
7.29,2.24,-0.37,-0.79,0.48,-8.36,1.03,0.35,-1.03,1.47,1.53,-1.00,2.42,6.16,-0.22,0.11,-0.03,0.01,0.06,0.12
3.55,3.52,-1.20,-1.58,1.74,10.32,1.13,0.92,-1.31,0.06,-1.36,3.47,-0.08,-0.88,-0.19,0.11,0.33,0.29,-0.01,-0.28
3.66,2.41,-0.76,-1.70,4.13,-2.28,0.78,-0.95,-0.55,0.12,-0.17,-1.14,4.35,5.66,-0.13,-0.11,0.19,0.17,-0.01,-0.21
-1.88,-0.07,-1.43,-1.67,4.35,8.76,0.33,0.11,0.14,0.49,-9.12,-4.36,3.38,2.21,-0.28,-0.11,0.30,0.38,0.32,-0.15
5.83,2.10,-0.48,-0.59,12.27,2.94,0.44,-0.16,0.14,0.75,9.63,6.64,-0.20,2.95,0.04,0.00,0.33,0.25,0.36,-0.03
1.91,-0.74,0.45,1.21,-7.80,-4.96,0.22,0.54,-0.54,0.34,-1.20,6.37,3.79,2.85,-0.08,0.00,0.05,0.04,-0.06,-0.42
-3.66,1.36,0.28,0.75,-0.83,5.14,1.21,-0.17,-0.08,-0.29,5.52,-4.31,0.01,-0.55,-0.04,0.11,0.06,0.20,-0.45,-0.54
3.05,0.02,1.48,2.25,2.72,-2.33,0.33,0.30,0.16,0.66,-1.64,2.18,1.27,2.50,-0.09,0.34,-0.10,-0.02,0.59,0.10
5.86,0.77,-0.86,-0.41,0.65,6.12,0.65,0.46,0.15,1.26,5.16,5.54,3.92,2.27,0.16,-0.11,0.03,0.12,-0.03,-0.60
1.57,1.67,-0.49,0.25,5.56,3.91,0.43,0.19,0.07,0.89,7.71,-7.56,-1.10,-0.18,0.16,0.23,0.02,0.04,0.36,-0.37
-8.32,-0.23,2.72,4.02,2.37,-13.46,1.39,0.16,-0.17,-0.31,-16.41,-10.24,3.00,2.84,0.07,0.34,-0.05,0.02,0.64,0.29
-5.38,2.18,0.55,0.72,2.98,2.02,0.11,0.26,0.56,0.96,-8.41,2.07,-0.97,2.54,0.11,0.11,-0.04,-0.06,0.22,0.12
6.77,1.91,-1.57,-2.95,-6.22,1.34,0.42,0.24,0.63,0.84,1.85,-1.37,2.60,-1.58,0.09,-0.11,0.19,0.09,0.11,0.34
-4.62,2.17,-0.78,-1.07,6.38,0.59,0.32,0.29,0.60,0.05,9.26,0.17,0.17,3.00,0.11,0.22,0.15,0.13,0.58,0.82
8.55,0.59,-0.98,-1.27,4.78,-1.99,0.31,0.11,0.77,-0.02,-0.84,-2.97,0.28,-0.42,0.11,-0.22,0.16,0.09,0.36,0.58
3.73,0.20,-2.63,-3.65,3.00,8.39,-0.31,0.25,0.54,0.51,-8.98,-0.89,4.53,0.89,0.18,0.11,0.35,0.30,0.56,0.64
0.01,-0.84,0.28,0.73,2.69,2.70,0.00,0.30,-0.03,0.28,0.37,0.36,0.70,-0.25,0.15,-0.22,0.25,0.19,0.24,0.42
6.47,-0.95,0.66,1.32,1.58,5.66,0.94,0.13,0.47,0.18,-1.11,12.10,2.19,3.22,0.13,-0.45,0.40,0.23,0.36,0.26
2.34,0.24,-1.17,-1.19,-5.75,0.43,-0.10,0.09,0.08,1.22,15.60,-9.28,1.11,4.82,-0.04,0.11,0.32,0.33,0.42,0.05
3.37,0.71,-0.76,-1.31,6.14,0.18,-0.42,0.04,-0.06,-1.44,-19.77,-6.08,-1.40,-2.53,0.23,-0.34,0.32,0.29,0.51,0.40
0.04,0.03,-0.96,-1.68,1.96,13.90,1.04,0.36,0.51,1.14,14.89,7.29,5.80,3.95,0.27,-0.57,0.52,0.40,0.50,0.84
2.92,1.67,-1.68,-1.81,6.49,6.67,-0.42,-0.07,0.38,-0.37,-7.98,-0.34,1.44,-0.11,0.29,-0.34,0.47,0.42,0.70,1.07
-1.14,1.44,-0.04,0.16,0.07,-8.25,0.21,-0.07,0.50,-0.79,1.26,6.17,-0.65,2.33,0.16,-0.11,0.32,0.31,0.57,0.86
-1.68,-0.83,-0.02,-0.13,-2.04,-5.10,0.31,0.25,0.21,1.01,8.05,2.87,-1.86,0.04,0.19,0.11,0.00,-0.02,0.93,0.75
-2.05,2.25,-0.69,-0.63,7.85,0.93,0.52,0.20,0.07,0.45,2.44,-2.39,3.07,0.23,0.19,0.00,0.26,0.18,2.04,1.63
-5.59,0.12,0.57,-0.04,10.76,-11.85,0.62,-0.03,0.19,0.74,-6.29,4.10,0.01,-0.05,0.15,-0.34,0.31,0.24,2.27,1.32
-7.29,-0.13,2.94,3.05,-11.28,-0.84,-0.10,0.20,-0.45,-0.65,10.54,-5.89,1.81,0.00,0.26,-0.11,0.22,0.15,0.26,0.52
10.37,1.74,0.91,0.60,6.11,0.93,0.71,0.13,0.52,1.25,-6.35,9.53,-0.11,0.52,0.19,0.23,0.07,0.01,0.33,0.38
-0.22,-1.88,0.64,0.89,1.38,11.78,-0.10,-0.15,0.40,-0.36,15.32,5.08,-1.23,0.27,0.21,-0.23,0.18,0.21,0.43,0.41
1.02,1.91,0.94,1.40,-13.14,1.39,0.61,0.06,0.35,0.87,-2.42,-1.28,0.97,1.94,0.24,0.11,0.02,0.06,0.40,0.48
4.38,2.16,-0.62,0.18,13.03,1.68,0.61,0.47,0.32,0.59,4.09,2.13,-0.83,0.36,0.31,-0.23,0.27,0.36,0.82,0.78
4.23,0.85,-1.75,-1.47,1.48,1.99,0.20,0.60,0.65,0.36,-2.66,3.59,1.09,-2.55,0.30,-0.23,0.21,0.24,0.44,0.42
3.24,-0.59,0.60,0.92,-6.27,3.78,-0.40,-0.20,0.22,-0.09,-1.29,8.81,2.50,5.16,0.18,0.11,0.21,0.18,0.46,0.60
-0.63,1.27,0.32,-0.18,-0.68,-2.73,0.70,0.12,0.33,0.33,8.02,-9.63,-1.11,-2.20,0.11,0.00,0.17,0.14,0.55,0.55
-6.20,0.58,1.72,1.52,-5.81,-8.72,0.20,0.02,0.45,0.30,-6.16,8.38,0.22,-0.68,0.14,0.23,-0.21,-0.12,0.32,0.37
4.04,0.48,1.42,1.48,2.57,-13.90,-0.10,-0.15,0.34,-0.28,6.69,-0.25,0.07,-1.16,0.06,0.34,-0.08,-0.05,0.70,0.65
1.38,2.78,-0.47,0.28,1.46,6.48,0.30,0.25,0.67,0.19,-2.27,6.70,-0.56,-0.63,0.13,0.23,0.03,0.04,0.73,0.75
2.23,0.40,-0.87,-1.30,1.62,6.85,-0.40,-0.09,0.45,-0.09,1.87,-1.07,-1.30,-0.23,0.15,-0.69,0.58,0.33,0.71,0.82
2.55,0.71,-1.58,-2.27,7.45,0.59,0.00,0.21,0.33,0.15,11.63,10.18,3.98,0.82,0.16,-0.34,0.48,0.31,0.81,0.84
-1.86,1.33,-0.28,0.22,-3.26,-5.59,0.20,0.05,0.00,-0.39,7.72,-4.73,-4.58,-1.56,0.20,-0.35,0.27,0.29,0.60,0.54
0.58,-0.08,0.65,1.17,0.41,-3.30,0.50,0.40,0.30,1.83,-9.39,3.33,1.63,3.35,0.14,0.58,-0.17,-0.07,0.57,0.56
0.91,-0.02,-0.58,-0.65,-4.05,1.82,0.30,0.04,0.19,0.37,15.84,2.58,2.66,-2.39,0.22,0.34,-0.01,-0.01,1.21,1.28
5.05,-0.72,-0.09,0.60,0.44,7.04,0.00,0.37,0.89,0.33,-9.45,-0.11,-1.47,1.16,0.07,0.00,0.20,0.19,0.25,0.53
1.35,0.70,0.82,1.35,-4.69,0.66,0.49,-0.04,0.20,0.37,8.00,4.07,1.56,1.49,0.22,-0.34,0.54,0.36,-0.03,0.07
3.68,0.04,0.87,2.19,0.61,-2.51,0.39,0.02,0.15,-0.54,4.87,-4.49,-2.09,-4.61,0.14,0.46,-0.28,-0.13,0.68,0.52
1.91,1.71,-0.36,-0.07,-8.43,-0.96,-0.10,-0.12,0.39,-0.10,-19.03,8.20,1.11,2.26,0.16,0.46,-0.21,-0.07,0.33,0.47
2.31,-2.31,0.43,0.91,-5.20,2.92,0.10,0.29,0.12,1.07,10.78,-1.29,-0.86,1.47,0.16,0.00,0.04,0.07,0.34,0.34
-1.35,-2.82,0.80,-0.94,-15.69,1.05,0.10,0.00,0.24,-0.28,-10.30,-6.38,2.00,-2.17,0.19,0.00,0.24,0.22,0.51,0.60
4.96,0.76,0.54,1.26,9.78,8.88,-0.49,0.12,0.45,0.02,4.77,5.88,-0.98,0.51,0.16,0.00,0.20,0.12,0.52,0.58
-2.94,-0.67,-0.11,-1.17,5.93,1.76,0.79,0.14,0.56,0.41,4.12,-3.78,0.24,0.19,0.19,-0.11,0.24,0.15,0.54,0.49
3.09,0.82,-0.22,-0.41,-5.02,-0.25,0.49,0.29,0.54,0.31,-7.59,4.38,-0.44,1.64,0.15,0.23,0.04,0.04,0.48,0.71
4.49,1.49,-1.01,-1.26,-0.19,-5.56,-0.19,0.30,0.66,0.58,8.46,3.62,2.75,-0.11,0.23,0.11,0.05,0.16,1.04,0.89
3.00,-0.30,0.88,1.30,-5.51,-6.88,0.39,0.44,0.58,1.21,17.33,-0.97,0.55,-0.98,0.24,0.11,0.18,0.15,0.07,0.12
2.50,-0.17,0.19,0.21,-3.95,3.99,0.29,0.07,0.40,-0.40,-9.33,-2.16,-1.20,-0.65,0.10,-0.23,0.26,0.20,0.57,0.41
-3.52,1.77,0.92,1.16,3.79,-3.18,-0.49,-0.25,0.34,-1.05,-11.85,-2.41,-0.64,2.21,0.10,0.11,0.24,0.20,0.46,0.52
4.47,1.09,0.24,-0.19,5.86,6.35,0.87,0.43,0.38,0.85,5.57,6.10,-0.28,0.59,0.18,0.34,0.11,0.04,0.74,0.69
0.84,0.07,-0.08,-0.44,-2.65,-0.02,0.96,0.46,0.21,0.85,3.04,1.33,3.05,2.60,0.25,-0.23,0.20,0.21,0.37,0.29
0.74,1.16,-0.38,-0.31,-0.25,1.25,0.10,0.30,0.37,0.08,7.83,2.60,-0.97,0.82,0.23,-0.11,0.19,0.21,0.50,0.35
2.32,1.52,-0.31,-0.17,-2.99,0.11,0.38,0.25,0.37,0.27,-3.99,-6.64,1.10,-0.90,0.23,0.11,0.19,0.14,0.60,0.56
2.04,0.17,0.15,0.30,5.03,3.47,0.29,0.46,0.22,0.00,-11.00,-1.68,-0.33,-1.08,0.22,-0.11,0.13,0.13,0.46,0.39
-1.39,-0.12,-0.23,-0.16,-2.29,-2.10,0.19,0.20,0.45,0.57,18.08,6.75,0.36,0.32,0.18,0.11,0.11,0.16,0.54,0.52
3.92,1.41,0.89,1.59,0.04,-7.05,-0.09,0.71,0.37,0.23,-9.60,-2.84,0.66,-0.55,0.17,0.34,-0.02,-0.01,0.26,0.15
-1.41,-1.24,1.49,2.58,-5.54,-3.51,0.28,0.08,0.14,-0.04,3.69,2.84,-2.00,0.62,0.19,0.11,0.01,0.03,0.30,0.42
2.41,0.93,1.27,1.55,-4.39,-9.93,0.00,0.57,0.39,0.10,5.44,2.49,1.56,0.40,0.17,0.23,-0.02,-0.02,0.52,0.66
2.65,0.61,1.69,2.31,1.58,-10.76,0.85,0.29,0.28,0.18,-7.32,-3.33,-1.48,-1.55,0.19,0.56,-0.19,-0.05,0.34,0.46
-0.25,-0.12,2.38,1.65,1.95,-24.55,-0.19,0.28,0.09,0.65,6.48,1.31,-0.75,1.00,0.20,0.22,-0.31,-0.19,0.68,0.79
-3.05,2.70,2.13,3.92,4.40,-22.13,-0.56,0.33,0.27,0.25,2.41,-1.59,-4.17,-3.27,0.11,1.33,-0.65,-0.47,0.54,0.55
5.59,-0.87,1.28,1.86,-3.74,6.24,-0.47,0.17,0.71,-0.55,-20.86,6.66,-1.47,-3.47,0.22,-0.11,0.22,0.13,1.01,0.91
-1.59,0.40,1.81,2.91,-2.25,-5.61,-0.29,0.41,0.40,0.65,8.11,-5.63,0.53,7.03,0.11,-0.22,0.33,0.22,0.14,0.27
0.95,-0.54,-1.01,-0.91,-0.57,12.98,-0.48,0.23,0.60,0.57,22.25,8.84,1.26,-3.70,0.14,0.11,0.06,0.06,0.40,0.35
1.28,-0.52,-0.77,-1.98,0.94,8.48,-0.48,0.36,0.22,-0.70,-10.88,8.28,-0.69,-1.21,0.30,0.00,0.35,0.25,0.26,0.35
-1.95,-1.64,0.77,0.55,-1.73,0.97,-0.38,0.11,0.61,0.08,9.37,6.92,-0.64,1.37,0.14,-0.22,0.30,0.21,0.38,0.49
2.07,0.54,1.71,2.15,-6.40,-16.18,0.48,0.27,0.24,0.26,-4.49,-17.88,-0.20,-1.32,0.14,-0.11,0.16,0.11,0.43,0.67
-6.22,-0.67,1.86,0.19,3.28,-17.19,-0.10,0.29,0.33,0.08,0.09,1.74,-2.38,0.31,0.12,0.33,-0.01,0.02,0.43,0.59
-2.51,0.52,0.75,-0.22,-1.87,5.91,-0.38,0.13,0.59,1.04,6.65,-2.09,0.75,-0.77,0.12,0.55,-0.22,-0.14,0.47,0.36
8.10,0.53,-0.87,-0.50,2.51,1.64,-0.29,0.19,0.41,-0.32,-13.02,2.35,-1.78,-1.42,0.26,0.33,0.12,0.00,0.28,0.50
0.30,-0.22,1.50,2.93,-7.30,-8.06,-0.68,0.18,-0.01,-0.30,9.58,7.94,-1.21,-1.58,0.16,-0.11,0.10,0.10,0.73,0.70
-1.59,-0.87,1.01,0.16,-0.18,-13.70,-0.39,0.23,0.26,-0.11,-1.38,-3.31,-1.33,-0.21,0.21,0.33,-0.08,-0.08,0.48,0.28
-5.09,0.43,2.16,1.16,4.77,-16.07,0.68,0.02,0.12,0.16,-3.61,-3.17,-2.67,-1.73,0.03,0.33,0.01,0.09,1.01,0.36
-0.14,0.74,-0.83,-2.20,10.50,-3.44,-0.68,0.63,-0.01,0.38,7.60,1.35,1.79,2.69,0.17,0.54,-0.15,-0.09,0.58,0.66
6.56,2.68,-2.05,-1.71,0.17,21.13,-0.79,-0.17,0.45,0.45,-7.51,-7.74,-0.72,-4.82,0.18,-0.11,0.24,0.14,0.49,0.73
0.39,1.34,-1.62,-2.31,3.86,7.54,0.20,0.45,0.28,-0.10,5.07,4.94,1.62,1.59,0.10,-0.11,0.33,0.34,0.71,0.69
1.78,-0.05,1.05,0.39,-5.89,13.73,-0.10,0.24,0.02,-0.42,-3.47,2.55,0.42,1.64,0.01,-0.11,0.27,0.18,0.52,0.55
0.26,2.16,0.36,-0.18,8.58,4.27,0.29,0.42,-0.05,0.46,4.32,0.17,0.30,2.37,0.22,-0.11,0.29,0.19,0.54,0.59
3.62,1.43,0.68,1.52,1.60,-8.80,0.20,0.02,-0.18,0.17,3.49,-0.76,1.28,-0.36,0.21,0.22,-0.01,0.10,0.48,0.49
0.14,0.28,-0.93,-1.18,-2.47,0.16,0.00,0.24,0.15,0.53,-5.37,0.84,1.32,0.41,0.12,0.00,0.19,0.17,0.68,0.70
0.02,-0.29,0.78,0.28,1.01,1.02,-0.20,0.36,0.17,0.31,-8.72,6.56,0.76,-0.36,0.17,-0.11,0.19,0.11,0.49,0.29
-1.84,-0.83,0.93,1.99,-3.89,9.67,0.20,0.08,-0.14,0.06,22.09,0.00,-1.27,0.57,0.12,0.11,0.27,0.24,0.57,0.22
3.64,-2.72,2.35,1.90,-7.67,-8.55,-0.29,0.21,0.43,0.02,-14.23,-2.14,-1.37,1.07,0.19,0.00,0.14,0.07,0.56,0.55
1.96,0.62,1.56,1.91,-2.77,12.96,0.98,0.28,0.23,1.23,10.62,1.11,3.53,1.25,0.20,-0.22,0.31,0.20,0.24,0.21
1.88,0.41,-0.13,-0.88,5.67,0.96,-0.29,0.04,0.01,-0.30,-4.39,5.09,0.47,1.94,0.22,-0.22,0.41,0.38,0.55,0.30
3.89,1.12,-1.42,-0.67,3.47,1.70,-0.29,-0.15,-0.01,-0.24,5.09,-6.29,0.36,-0.91,0.13,0.22,0.07,0.04,0.43,0.38
0.12,-0.12,-0.42,0.55,-0.86,-7.74,0.49,0.74,0.05,0.24,-8.92,2.45,-0.01,-0.12,0.12,0.22,-0.09,-0.16,0.49,0.39
1.02,0.97,-0.74,-0.53,1.72,3.18,0.97,0.08,-0.16,-0.22,-1.19,-1.89,-0.21,0.96,0.15,0.11,0.12,0.26,0.48,0.48
1.40,1.18,-0.40,-0.84,-0.02,-5.16,0.00,0.19,0.23,0.72,-3.76,-4.07,0.21,-0.15,0.09,0.22,-0.04,0.00,0.38,0.44
0.62,0.25,-1.31,-1.56,-1.91,-7.09,0.10,0.19,0.39,0.23,8.78,8.51,1.17,0.32,0.17,0.22,0.09,0.09,0.22,0.14
2.04,0.74,-1.38,-2.43,2.02,3.09,-0.19,0.13,0.22,0.54,-3.32,-4.20,-0.12,-0.27,0.15,0.11,0.09,0.07,0.48,0.34
0.31,0.84,-1.10,-1.52,3.43,3.04,-0.39,0.12,0.56,0.31,-1.10,3.28,0.13,0.10,0.15,-0.32,0.37,0.23,0.40,0.56
2.04,-0.24,-0.95,-1.23,-2.21,3.64,0.00,0.46,0.03,0.66,-1.20,-3.60,1.65,1.33,-0.02,-0.11,0.46,0.34,0.34,0.45
2.31,0.41,1.78,1.83,-1.01,3.49,1.54,0.27,-0.12,0.44,8.84,6.86,0.09,1.44,0.24,-0.11,0.07,0.17,0.45,0.45
3.02,-0.14,0.19,0.53,0.79,9.35,0.48,0.46,0.19,0.53,2.96,-1.50,2.40,2.68,0.12,-0.11,0.30,0.22,0.22,0.11
1.11,0.84,-0.27,-0.46,0.84,2.16,0.47,0.11,0.22,0.23,-7.40,-0.23,1.92,2.52,0.12,0.11,0.23,0.15,0.30,0.43